Timestamp,Occupied,Price,User_ID,Demand
2023-01-01 03:00:00,64,74.84890652625455,593,1
2023-01-01 08:00:00,47,65.9632400312562,982,1
2023-01-01 10:00:00,51,60.0,447,10
2023-01-01 16:00:00,92,65.4104180187802,30,2
2023-01-01 17:00:00,6,65.83735694194283,183,3
2023-01-01 19:00:00,24,66.94559242446654,554,7
2023-01-01 20:00:00,69,68.98483608571368,381,5
2023-01-02 01:00:00,370,91.67582145384651,676,9
2023-01-02 03:00:00,213,77.39658306238414,458,10
2023-01-02 09:00:00,338,93.7141174476354,243,1
2023-01-02 14:00:00,189,81.55876337538025,129,10
2023-01-02 18:00:00,213,75.4185441500767,589,3
2023-01-02 22:00:00,96,70.46710716370934,2,7
2023-01-02 23:00:00,67,75.35519764649604,424,6
2023-01-03 01:00:00,386,93.81541274016173,403,1
2023-01-03 02:00:00,73,76.75346139529577,650,2
2023-01-03 06:00:00,302,94.27136506429673,871,9
2023-01-04 00:00:00,39,60.0,10,6
2023-01-04 07:00:00,65,67.65668095621099,488,7
2023-01-04 09:00:00,116,65.45369544027189,451,4
2023-01-04 13:00:00,166,74.48733788548114,7,8
2023-01-04 20:00:00,343,94.29684776459791,253,7
2023-01-05 02:00:00,294,92.04142075282986,151,1
2023-01-05 19:00:00,350,99.28940380686517,333,8
2023-01-06 02:00:00,246,80.77952634386143,888,2
2023-01-06 12:00:00,268,81.57761726569602,970,10
2023-01-06 14:00:00,243,78.68330637135526,628,4
2023-01-06 16:00:00,36,68.53609265607798,763,7
2023-01-07 03:00:00,83,67.35227347147799,395,8
2023-01-07 04:00:00,243,85.61020305409534,76,5
2023-01-07 07:00:00,3,60.0,208,2
2023-01-07 08:00:00,222,75.80560569647393,154,9
2023-01-07 13:00:00,349,95.84782717298566,781,9
2023-01-07 21:00:00,294,86.80073490281193,456,1
2023-01-08 00:00:00,246,78.18891748046758,457,7
2023-01-08 02:00:00,186,85.020599056343,40,5
2023-01-08 12:00:00,371,100.0,801,8
2023-01-08 15:00:00,22,60.0,698,9
2023-01-08 21:00:00,103,66.49071113717294,697,9
2023-01-09 15:00:00,6,61.753926149412095,264,9
2023-01-09 19:00:00,110,77.7789338356473,859,8
2023-01-10 00:00:00,243,88.6258305878465,396,7
2023-01-10 20:00:00,8,68.02749545327677,990,2
2023-01-10 22:00:00,337,89.91504220992826,755,2
2023-01-11 03:00:00,314,87.97540813210591,865,10
2023-01-11 11:00:00,208,87.10544137913027,550,6
2023-01-11 12:00:00,153,76.13544122730288,855,8
2023-01-11 13:00:00,303,89.3170202797123,99,1
2023-01-11 17:00:00,99,60.89326467986076,44,8
2023-01-12 00:00:00,325,94.49945653392473,683,6
2023-01-12 02:00:00,172,70.69811130248128,96,10
2023-01-12 04:00:00,278,94.29653005088862,467,2
2023-01-12 07:00:00,241,80.23382704336508,149,10
2023-01-12 11:00:00,326,84.65161525635033,118,10
2023-01-12 14:00:00,332,85.02797878713318,423,2
2023-01-12 15:00:00,290,92.35305884920348,89,9
2023-01-12 16:00:00,76,65.33380606852668,206,3
2023-01-12 23:00:00,353,97.2568133879573,860,5
2023-01-13 08:00:00,96,63.48359839012182,71,9
2023-01-13 18:00:00,353,93.50823672840279,265,7
2023-01-13 20:00:00,195,83.3028070318267,714,7
2023-01-13 21:00:00,153,78.49664539985788,788,1
2023-01-14 02:00:00,185,68.94565112027576,608,9
2023-01-14 04:00:00,197,70.34298086963929,909,4
2023-01-14 21:00:00,243,90.57240512833464,55,2
2023-01-15 05:00:00,236,91.50520949327898,691,8
2023-01-15 12:00:00,222,81.97742831607738,779,10
2023-01-15 13:00:00,54,61.670270941474115,53,9
2023-01-15 18:00:00,108,77.28511596988884,436,1
2023-01-17 01:00:00,109,74.14924589057803,419,8
2023-01-17 03:00:00,373,100.0,406,9
2023-01-17 08:00:00,75,75.32888101032474,213,7
2023-01-17 09:00:00,37,60.53253294358113,279,10
2023-01-17 14:00:00,293,79.61321194418392,800,3
2023-01-17 17:00:00,77,69.50399477128786,578,7
2023-01-18 00:00:00,269,87.54511385472867,364,4
2023-01-18 06:00:00,42,67.90295128102294,207,1
2023-01-18 11:00:00,120,70.51768715831344,791,5
2023-01-18 19:00:00,370,94.09628943271824,460,3
2023-01-18 20:00:00,124,76.27519078035712,823,3
2023-01-19 05:00:00,382,88.93321278684965,268,3
2023-01-19 11:00:00,66,75.01456064876103,865,10
2023-01-19 17:00:00,362,98.01327622364674,34,1
2023-01-19 19:00:00,39,61.76327401608375,461,2
2023-01-20 03:00:00,208,76.38739811243364,583,4
2023-01-20 15:00:00,128,73.87529852363373,124,2
2023-01-21 01:00:00,216,89.64575896281305,878,1
2023-01-21 02:00:00,333,96.32753673635943,170,4
2023-01-21 03:00:00,371,99.78146008515618,855,2
2023-01-21 06:00:00,20,65.69372279171532,662,5
2023-01-21 11:00:00,229,85.19574414132498,893,7
2023-01-21 16:00:00,381,90.06342821329096,886,1
2023-01-21 22:00:00,135,69.5085708154641,70,6
2023-01-22 01:00:00,370,87.87425718687467,240,9
2023-01-22 14:00:00,73,66.75654647525351,916,3
2023-01-22 17:00:00,362,100.0,804,3
2023-01-22 21:00:00,146,77.46080722343066,645,2
2023-01-22 22:00:00,290,97.11348817027967,982,7
2023-01-23 02:00:00,46,68.58158921463907,324,5
2023-01-23 05:00:00,388,93.64391937325864,754,1
2023-01-23 17:00:00,307,82.32889611691131,978,2
2023-01-24 19:00:00,13,67.25616901623022,525,6
2023-01-25 00:00:00,228,78.89147288710431,765,2
2023-01-25 06:00:00,354,93.17307362207345,730,7
2023-01-25 07:00:00,300,83.72327825746665,881,1
2023-01-25 14:00:00,92,77.39708898000039,454,6
2023-01-25 20:00:00,176,75.90853522704357,91,7
2023-01-25 21:00:00,328,97.22504130319057,132,1
2023-01-26 01:00:00,383,91.01704096720397,494,9
2023-01-26 02:00:00,158,70.0249110895719,704,5
2023-01-27 00:00:00,236,74.40621545585759,920,5
2023-01-27 01:00:00,119,72.08587642696872,979,7
2023-01-27 03:00:00,212,75.02430619935186,632,8
2023-01-27 06:00:00,234,92.33003219362126,593,3
2023-01-27 08:00:00,331,99.44205455986815,366,5
2023-01-27 10:00:00,25,69.5523582804076,869,10
2023-01-27 17:00:00,312,92.85573755589951,18,6
2023-01-27 20:00:00,27,66.45302296332198,223,4
2023-01-28 06:00:00,7,60.0,505,10
2023-01-28 08:00:00,267,84.99043783480339,783,3
2023-01-28 13:00:00,184,83.54832698412659,249,7
2023-01-28 16:00:00,47,71.98312493456973,998,3
2023-01-28 17:00:00,389,92.85780848835829,168,7
2023-01-28 20:00:00,338,99.12752721497363,497,1
2023-01-29 01:00:00,238,81.08806306284036,731,9
2023-01-29 04:00:00,161,86.1694152870837,614,7
2023-01-29 06:00:00,24,70.24651739002911,266,8
2023-01-29 08:00:00,128,73.20038223715578,194,6
2023-01-29 10:00:00,115,69.45583425893193,995,2
2023-01-29 12:00:00,250,89.92902279689113,645,3
2023-01-29 13:00:00,135,77.1902584848623,814,10
2023-01-30 04:00:00,175,84.27854558965899,175,10
2023-01-30 07:00:00,34,65.1784774040362,654,2
2023-01-30 15:00:00,29,60.0,535,3
2023-01-30 20:00:00,97,68.90429473217172,203,10
2023-01-31 00:00:00,331,97.3689713574504,333,8
2023-01-31 05:00:00,124,81.91646468602225,330,4
2023-01-31 14:00:00,304,98.75521664915908,914,9
2023-01-31 19:00:00,343,84.71395398786382,430,6
2023-01-31 23:00:00,364,95.23101520633845,998,5
2023-02-01 05:00:00,387,90.77763913209728,787,7
2023-02-01 10:00:00,372,93.21880238780332,82,9
2023-02-01 11:00:00,327,90.8971957850288,333,8
2023-02-01 12:00:00,367,92.71852814231347,548,5
2023-02-01 15:00:00,368,100.0,559,4
2023-02-02 02:00:00,231,74.70116581014624,723,10
2023-02-02 03:00:00,335,92.60051601000238,929,9
2023-02-02 04:00:00,208,84.11357336700598,151,10
2023-02-02 05:00:00,312,94.93931205114383,858,5
2023-02-02 06:00:00,396,100.0,810,2
2023-02-02 10:00:00,327,84.20981315294503,332,1
2023-02-02 12:00:00,315,95.0329463325733,710,10
2023-02-02 14:00:00,324,95.14809539035265,370,2
2023-02-02 18:00:00,16,68.70396322730669,915,4
2023-02-02 21:00:00,217,80.04907862841475,35,7
2023-02-03 01:00:00,188,70.18812364388225,802,6
2023-02-03 02:00:00,303,92.14324333678363,500,8
2023-02-03 07:00:00,49,72.7598599205325,208,1
2023-02-03 08:00:00,316,93.31267487690143,465,4
2023-02-03 09:00:00,273,84.69302995236293,859,5
2023-02-03 11:00:00,6,68.85827741743768,915,6
2023-02-03 13:00:00,238,76.51795275435052,567,8
2023-02-03 17:00:00,78,71.82630181594749,829,5
2023-02-03 20:00:00,144,73.58540458534438,21,1
2023-02-04 05:00:00,181,86.39397667305447,618,8
2023-02-04 19:00:00,283,84.38602513896798,407,7
2023-02-04 21:00:00,104,75.58715688607504,161,9
2023-02-05 07:00:00,43,74.13606104428492,594,6
2023-02-05 08:00:00,97,68.24985909975464,47,5
2023-02-05 11:00:00,347,99.17089331578923,448,6
2023-02-05 17:00:00,334,96.73914345220524,838,10
2023-02-06 01:00:00,295,87.61004509960807,512,4
2023-02-06 02:00:00,344,85.4491475219093,2,10
2023-02-06 05:00:00,331,94.65961762064185,164,3
2023-02-06 06:00:00,1,60.0,57,4
2023-02-06 09:00:00,393,98.90194556757947,168,3
2023-02-06 11:00:00,251,87.0336045776109,287,2
2023-02-06 17:00:00,385,96.49172382138683,541,10
2023-02-07 01:00:00,97,65.39315096556166,70,8
2023-02-07 08:00:00,9,67.14720459658714,603,2
2023-02-07 09:00:00,96,65.39512559547741,980,8
2023-02-07 16:00:00,239,75.15226928459343,781,2
2023-02-07 17:00:00,345,89.44512511001221,819,7
2023-02-08 01:00:00,157,81.8214788323088,658,7
2023-02-08 02:00:00,211,75.70798252174195,691,8
2023-02-08 03:00:00,326,95.30894891448816,152,4
2023-02-08 08:00:00,346,93.49076763922412,663,2
2023-02-08 10:00:00,156,66.14091646192337,663,10
2023-02-08 11:00:00,156,71.79810262397758,678,5
2023-02-08 15:00:00,107,67.73863269689052,308,3
2023-02-08 18:00:00,285,79.98106910565089,677,6
2023-02-08 19:00:00,159,71.60861477645861,423,4
2023-02-08 22:00:00,97,69.71717559253285,844,1
2023-02-08 23:00:00,88,64.13732232764846,612,5
2023-02-09 01:00:00,244,93.69731439853112,695,2
2023-02-09 08:00:00,322,87.21182767802087,923,3
2023-02-09 12:00:00,97,70.25721933562197,42,3
2023-02-10 05:00:00,27,66.77517010570847,481,3
2023-02-10 12:00:00,363,96.54780508414653,768,6
2023-02-11 12:00:00,17,60.0,603,7
2023-02-12 04:00:00,104,70.1813395222191,991,6
2023-02-12 09:00:00,278,93.65546005489418,953,1
2023-02-12 12:00:00,53,63.220518585640036,518,8
2023-02-12 15:00:00,66,76.01112195000097,237,5
2023-02-12 19:00:00,128,80.23945581986877,818,4
2023-02-13 03:00:00,288,85.30396748075437,529,6
2023-02-13 04:00:00,359,95.2160703934948,290,4
2023-02-13 12:00:00,256,80.02064935595392,920,5
2023-02-13 19:00:00,254,83.62830338585631,937,8
2023-02-13 20:00:00,29,60.0,380,6
2023-02-13 21:00:00,257,76.85866386739544,177,4
2023-02-14 03:00:00,89,63.210482277026244,465,2
2023-02-14 06:00:00,272,93.30338244363851,341,3
2023-02-14 09:00:00,118,80.93727081069322,715,5
2023-02-14 13:00:00,35,68.58431648076424,569,8
2023-02-14 17:00:00,52,67.42161343137195,437,3
2023-02-15 01:00:00,236,75.0648339718827,734,1
2023-02-15 05:00:00,93,66.35999515645241,80,10
2023-02-15 13:00:00,155,82.58246927100069,935,10
2023-02-15 14:00:00,79,73.00419841044024,849,7
2023-02-15 23:00:00,311,94.38145446035338,650,9
2023-02-16 02:00:00,159,70.73856688431886,910,6
2023-02-16 07:00:00,56,61.80654533494008,586,4
2023-02-16 09:00:00,323,92.75774611679361,952,4
2023-02-16 10:00:00,149,68.93206434000193,770,1
2023-02-16 11:00:00,53,63.584827844733546,130,7
2023-02-16 17:00:00,3,65.4363057700149,836,2
2023-02-17 06:00:00,192,77.99993081203894,629,3
2023-02-17 14:00:00,324,93.17979383121424,277,4
2023-02-17 17:00:00,224,84.51292964096143,762,7
2023-02-18 05:00:00,279,94.19307165969694,499,3
2023-02-18 13:00:00,392,92.17016072777179,882,4
2023-02-18 16:00:00,245,76.50063086824287,616,2
2023-02-18 21:00:00,171,75.68605567405,471,4
2023-02-19 09:00:00,36,63.59657168659314,718,2
2023-02-19 12:00:00,100,70.76774664824441,962,10
2023-02-19 19:00:00,381,88.89960352458067,479,10
2023-02-20 06:00:00,69,60.25189561593832,78,3
2023-02-20 13:00:00,224,84.48651034873853,573,5
2023-02-20 17:00:00,28,71.62434486890382,35,1
2023-02-20 18:00:00,22,65.4927372183886,692,2
2023-02-21 00:00:00,290,88.2352297287963,396,8
2023-02-21 01:00:00,108,76.01755770678865,947,8
2023-02-21 08:00:00,53,61.57602931089034,680,2
2023-02-21 09:00:00,298,82.30309892401263,943,6
2023-02-21 15:00:00,73,60.0,199,2
2023-02-22 01:00:00,2,63.03260064599897,28,3
2023-02-22 02:00:00,325,88.50046979046262,24,9
2023-02-22 08:00:00,288,87.39897322347475,917,4
2023-02-22 12:00:00,174,72.33811641708678,366,4
2023-02-22 14:00:00,97,70.58311867202504,351,7
2023-02-22 17:00:00,278,78.16349032305956,681,8
2023-02-22 23:00:00,98,75.83049513725359,394,9
2023-02-23 03:00:00,183,69.98065446944648,135,6
2023-02-23 07:00:00,109,68.87354408742935,452,9
2023-02-23 08:00:00,67,75.77495384874287,143,10
2023-02-23 13:00:00,159,83.00802609179706,184,8
2023-02-23 17:00:00,160,80.70575391260226,209,6
2023-02-23 21:00:00,263,93.14905518823613,758,10
2023-02-24 00:00:00,176,73.05438554912489,857,1
2023-02-24 04:00:00,16,67.62059228679514,329,7
2023-02-24 05:00:00,52,67.8203153035785,496,6
2023-02-24 06:00:00,56,65.13439343736732,670,10
2023-02-24 07:00:00,309,83.13791831287236,168,4
2023-02-24 13:00:00,194,81.23490579942208,459,10
2023-02-24 15:00:00,143,73.17356553165983,940,8
2023-02-25 01:00:00,90,73.68009835851095,688,6
2023-02-25 03:00:00,86,76.8470443433861,737,5
2023-02-25 06:00:00,266,94.55693801166773,41,7
2023-02-25 17:00:00,157,75.32518574958685,933,6
2023-02-25 18:00:00,123,74.5629509855299,650,6
2023-02-25 21:00:00,2,60.0,692,1
2023-02-26 18:00:00,365,94.50187633432921,941,10
2023-02-26 20:00:00,367,87.88985594899728,536,1
2023-02-26 21:00:00,65,63.845054274065454,590,8
2023-02-27 07:00:00,96,68.51815252301073,99,3
2023-02-27 16:00:00,183,68.64218176239866,239,10
2023-02-27 20:00:00,67,61.093379398128306,189,3
2023-02-28 02:00:00,152,81.66270577911173,665,6
2023-02-28 03:00:00,108,66.46283668271974,444,10
2023-02-28 06:00:00,29,60.0,42,10
2023-02-28 10:00:00,50,71.28541058290358,254,6
2023-02-28 16:00:00,128,82.30560176994581,658,3
2023-03-01 00:00:00,170,85.5414150460746,334,10
2023-03-01 06:00:00,313,94.95764574081785,966,4
2023-03-01 07:00:00,38,65.928903735357,56,5
2023-03-01 08:00:00,28,60.0,876,2
2023-03-01 10:00:00,266,85.05363167240048,290,1
2023-03-01 13:00:00,48,60.0,588,10
2023-03-01 23:00:00,337,99.73956540822195,275,8
2023-03-02 08:00:00,217,77.18558009607499,643,8
2023-03-04 09:00:00,342,97.4225512419743,24,7
2023-03-04 19:00:00,342,96.58023037317419,398,7
2023-03-04 23:00:00,119,75.33605581592883,515,1
2023-03-05 08:00:00,249,80.23707974815392,191,9
2023-03-05 12:00:00,49,70.97399088694027,421,6
2023-03-05 13:00:00,19,64.60379950614228,427,9
2023-03-05 14:00:00,154,76.13243013602258,588,9
2023-03-05 16:00:00,388,93.73592456209731,233,4
2023-03-05 23:00:00,348,94.79271775836834,338,2
2023-03-06 16:00:00,70,74.91288702250229,516,8
2023-03-06 17:00:00,221,88.44047733237255,653,3
2023-03-06 18:00:00,34,72.3659727429047,738,4
2023-03-07 00:00:00,366,94.91333474564176,417,2
2023-03-07 03:00:00,227,80.14443814386976,195,4
2023-03-07 06:00:00,321,94.88631794791789,326,9
2023-03-07 08:00:00,17,67.22545795231133,493,7
2023-03-07 09:00:00,13,66.58153648019459,124,9
2023-03-07 12:00:00,217,80.88265250034304,877,3
2023-03-07 13:00:00,246,84.38734394412509,282,8
2023-03-08 07:00:00,117,69.34954088584297,695,5
2023-03-08 08:00:00,297,96.14436547866606,668,4
2023-03-08 11:00:00,218,82.76842702282624,752,6
2023-03-08 16:00:00,71,65.34800223356898,820,6
2023-03-09 05:00:00,100,73.9876388234768,240,5
2023-03-10 05:00:00,227,77.65008163230269,370,1
2023-03-10 07:00:00,123,67.82591509090108,459,8
2023-03-10 08:00:00,223,91.24309132965257,473,9
2023-03-10 09:00:00,46,65.09509636976475,102,1
2023-03-10 12:00:00,367,100.0,604,8
2023-03-10 13:00:00,81,66.10202508251277,370,5
2023-03-10 18:00:00,151,81.4701415077621,552,2
2023-03-10 19:00:00,226,77.69342999651322,877,9
2023-03-10 21:00:00,360,91.7908868907814,614,1
2023-03-11 10:00:00,169,72.80932550648319,597,8
2023-03-11 12:00:00,210,86.80387230364643,640,3
2023-03-11 19:00:00,196,88.13956703266916,529,7
2023-03-12 01:00:00,218,73.95973792272676,771,3
2023-03-12 02:00:00,153,79.26332165667444,33,1
2023-03-12 08:00:00,245,77.2281937444639,282,3
2023-03-12 11:00:00,158,84.96988593402014,838,3
2023-03-12 22:00:00,14,68.23167248053542,421,3
2023-03-13 10:00:00,376,100.0,875,1
2023-03-13 17:00:00,73,71.04721441488209,559,9
2023-03-13 18:00:00,23,64.1268912263458,746,7
2023-03-13 19:00:00,35,60.0,415,3
2023-03-13 21:00:00,254,82.19767147554,429,10
2023-03-13 23:00:00,40,62.22971048081812,642,5
2023-03-14 03:00:00,190,78.0228301558509,38,10
2023-03-14 05:00:00,14,67.13136989358723,540,10
2023-03-15 00:00:00,320,93.57954155774755,441,1
2023-03-15 01:00:00,175,68.07295932140634,904,7
2023-03-15 04:00:00,220,89.98172577873048,64,2
2023-03-15 08:00:00,88,66.19352113317241,704,1
2023-03-15 13:00:00,63,69.97490554011904,956,9
2023-03-15 14:00:00,263,80.14782388662982,725,3
2023-03-15 19:00:00,321,87.1382732215534,310,10
2023-03-16 07:00:00,327,94.13964093834934,316,8
2023-03-16 14:00:00,265,80.43964140519881,421,9
2023-03-17 01:00:00,92,63.29738055243983,246,10
2023-03-17 02:00:00,299,93.89888177809308,410,1
2023-03-17 08:00:00,68,60.0,972,6
2023-03-17 12:00:00,14,60.0,950,2
2023-03-17 15:00:00,139,67.5369521808698,532,4
2023-03-17 23:00:00,311,89.36976882650094,907,2
2023-03-18 01:00:00,187,87.71906491793372,533,4
2023-03-18 16:00:00,15,60.0,261,9
2023-03-19 01:00:00,226,79.74906241998563,317,5
2023-03-19 04:00:00,26,60.0,453,7
2023-03-19 14:00:00,173,83.08691860764988,743,6
2023-03-19 15:00:00,283,94.34958497468442,889,1
2023-03-19 17:00:00,48,60.0,305,8
2023-03-20 13:00:00,308,85.57070026870161,972,10
2023-03-20 17:00:00,83,73.5245625668388,268,2
2023-03-20 22:00:00,18,66.92399273075877,282,9
2023-03-21 03:00:00,396,100.0,604,6
2023-03-21 11:00:00,175,86.24661041060057,957,9
2023-03-21 13:00:00,121,65.38812181974144,482,4
2023-03-21 21:00:00,316,91.42548170450681,420,3
2023-03-22 01:00:00,272,79.02351230608215,767,2
2023-03-22 05:00:00,15,66.06396952787051,169,5
2023-03-22 06:00:00,196,71.18808025796217,35,1
2023-03-22 07:00:00,107,64.82594728007767,818,6
2023-03-22 11:00:00,338,94.21008808425844,43,7
2023-03-22 16:00:00,390,100.0,468,7
2023-03-22 21:00:00,110,76.96588481196356,333,6
2023-03-23 00:00:00,12,60.0,200,4
2023-03-23 09:00:00,107,66.70519046209613,22,4
2023-03-23 21:00:00,197,70.91477936308752,966,10
2023-03-24 08:00:00,211,88.12340527011668,931,6
2023-03-24 10:00:00,102,79.39352587685772,717,4
2023-03-24 12:00:00,120,69.0701917792591,269,5
2023-03-24 13:00:00,243,91.0895759894767,792,4
2023-03-24 14:00:00,340,85.44045388490902,108,10
2023-03-24 19:00:00,154,79.71879672810914,77,9
2023-03-25 10:00:00,105,65.05808734539521,738,8
2023-03-25 23:00:00,122,74.87107456631375,895,3
2023-03-26 03:00:00,291,96.31663482867519,146,9
2023-03-26 08:00:00,119,66.47991656764135,950,5
2023-03-26 15:00:00,52,70.41241587653613,669,4
2023-03-26 16:00:00,269,86.52519915743328,789,3
2023-03-26 18:00:00,231,90.1381685742966,879,5
2023-03-26 22:00:00,396,94.9084617573437,646,7
2023-03-27 02:00:00,140,65.10651938715289,658,10
2023-03-27 08:00:00,381,94.17800554628508,939,9
2023-03-27 12:00:00,90,67.55000505178637,848,4
2023-03-27 20:00:00,193,74.22881005457764,417,1
2023-03-27 23:00:00,382,95.3505940035887,343,10
2023-03-28 00:00:00,223,80.22892206415497,504,7
2023-03-28 05:00:00,187,73.56323870673963,641,9
2023-03-28 13:00:00,204,80.75567368207957,363,4
2023-03-28 16:00:00,225,80.90623752236732,598,1
2023-03-28 17:00:00,144,78.52786580436609,202,3
2023-03-28 19:00:00,354,100.0,994,7
2023-03-28 22:00:00,1,68.65742894186532,442,8
2023-03-28 23:00:00,288,88.20442586398816,140,10
2023-03-29 02:00:00,211,75.72277104370556,212,8
2023-03-29 07:00:00,382,90.70261857470449,339,10
2023-03-29 11:00:00,118,77.52401854765327,186,8
2023-03-30 00:00:00,103,70.29686653212785,899,9
2023-03-30 01:00:00,334,83.9035641760711,471,8
2023-03-30 10:00:00,279,94.88813816314233,238,1
2023-03-30 12:00:00,230,92.44651935483665,296,10
2023-03-30 13:00:00,348,94.97542220174097,281,9
2023-03-30 21:00:00,391,100.0,154,5
2023-03-30 23:00:00,210,84.47369634349701,427,6
2023-03-31 01:00:00,36,62.3470866861647,560,5
2023-03-31 03:00:00,293,79.92740699352987,710,10
2023-03-31 07:00:00,378,92.57213808007087,674,8
2023-04-01 00:00:00,305,82.87405654050185,474,3
2023-04-01 02:00:00,75,69.73396935583409,126,9
2023-04-01 07:00:00,373,99.33887206453149,803,6
2023-04-01 08:00:00,329,93.87176661547782,84,5
2023-04-01 09:00:00,390,99.13426359017953,657,5
2023-04-01 14:00:00,60,69.13396875199413,246,2
2023-04-01 15:00:00,315,91.37496631280634,436,4
2023-04-01 16:00:00,68,71.49288059348358,479,2
2023-04-01 20:00:00,225,76.68191535802868,823,6
2023-04-01 22:00:00,258,81.52092787865196,744,7
2023-04-01 23:00:00,352,87.2686153367597,416,2
2023-04-02 01:00:00,382,96.79419286367755,255,2
2023-04-02 07:00:00,360,87.53630179022193,739,1
2023-04-02 17:00:00,42,60.0,619,3
2023-04-02 18:00:00,107,66.7396279552768,55,9
2023-04-02 23:00:00,92,70.80068296122045,811,3
2023-04-03 01:00:00,100,69.86158786518655,529,2
2023-04-03 02:00:00,212,78.87433835271182,918,7
2023-04-03 15:00:00,354,92.92476574814377,323,9
2023-04-03 20:00:00,151,82.98640686642443,860,9
2023-04-04 06:00:00,331,92.5926467159308,470,6
2023-04-04 11:00:00,281,88.49597008132946,528,10
2023-04-04 15:00:00,180,84.67740305700363,138,4
2023-04-04 20:00:00,11,66.27820062631027,505,2
2023-04-05 00:00:00,326,84.47673665464812,691,3
2023-04-05 17:00:00,213,85.747028123128,155,4
2023-04-05 23:00:00,95,73.66520795370411,90,5
2023-04-06 04:00:00,324,91.02445653789857,143,2
2023-04-06 15:00:00,392,93.03856850071868,900,9
2023-04-06 17:00:00,123,73.67018542421665,369,3
2023-04-06 19:00:00,12,60.0,411,9
2023-04-06 20:00:00,261,92.67289091592582,738,2
2023-04-06 21:00:00,16,60.0,530,2
2023-04-07 02:00:00,131,77.64944504623523,795,5
2023-04-07 04:00:00,376,100.0,67,7
2023-04-07 06:00:00,63,69.99420652672073,473,6
2023-04-07 14:00:00,182,83.24774376908354,356,4
2023-04-07 15:00:00,287,89.70426637378296,352,8
2023-04-07 18:00:00,211,85.59481376029883,817,1
2023-04-07 19:00:00,205,76.28271362799313,221,7
2023-04-07 23:00:00,344,98.11465012868318,754,1
2023-04-08 06:00:00,337,100.0,95,4
2023-04-08 19:00:00,213,80.86268762317218,167,2
2023-04-08 21:00:00,325,93.55335405769168,823,5
2023-04-09 01:00:00,50,62.21674915739153,765,8
2023-04-09 05:00:00,348,97.89400596236429,872,1
2023-04-09 10:00:00,195,83.32812914221073,784,5
2023-04-09 11:00:00,383,90.72083958769394,628,4
2023-04-09 18:00:00,209,85.46431175973359,427,6
2023-04-09 19:00:00,375,94.83067237155656,54,8
2023-04-09 21:00:00,9,67.63333679948443,548,7
2023-04-10 01:00:00,333,84.71537680655968,830,6
2023-04-10 02:00:00,72,71.88269796489222,307,7
2023-04-10 17:00:00,313,96.86445817775825,204,3
2023-04-10 22:00:00,48,74.0153633183461,861,2
2023-04-11 10:00:00,390,98.40415973839464,935,2
2023-04-11 15:00:00,73,67.60100823542233,452,10
2023-04-11 18:00:00,9,65.50608737487165,757,6
2023-04-11 23:00:00,297,96.90113671791703,513,7
2023-04-12 00:00:00,354,100.0,78,3
2023-04-12 01:00:00,199,79.56638960610036,676,9
2023-04-12 09:00:00,114,66.2138452101695,380,4
2023-04-12 19:00:00,214,89.91114788462944,64,9
2023-04-13 00:00:00,396,98.07858195877918,365,6
2023-04-13 03:00:00,93,77.29663485489168,719,2
2023-04-13 05:00:00,267,93.47866694660618,396,7
2023-04-13 11:00:00,396,94.92955030282282,371,8
2023-04-14 01:00:00,46,63.879957408286245,918,2
2023-04-14 11:00:00,182,75.78288440139387,36,2
2023-04-14 17:00:00,184,82.68318965377577,718,10
2023-04-14 22:00:00,193,82.4632014929868,850,10
2023-04-15 06:00:00,60,66.28269364059426,66,10
2023-04-15 15:00:00,394,99.89466076100847,190,2
2023-04-15 17:00:00,22,62.24233348234107,384,5
2023-04-16 03:00:00,342,93.3075255995671,5,9
2023-04-16 04:00:00,371,90.84271746420694,949,3
2023-04-16 08:00:00,329,83.65494483243886,790,1
2023-04-16 10:00:00,54,66.35726703891584,795,6
2023-04-16 12:00:00,180,84.64382051337387,792,3
2023-04-17 01:00:00,393,95.4686444979184,641,3
2023-04-17 04:00:00,267,86.44511056939496,830,10
2023-04-17 22:00:00,55,60.0,931,5
2023-04-18 01:00:00,11,68.45895072763066,93,10
2023-04-18 02:00:00,382,90.08597895061567,329,4
2023-04-18 05:00:00,344,91.78932396471367,252,8
2023-04-18 06:00:00,124,69.10625951122339,200,2
2023-04-18 16:00:00,253,79.66193185474711,789,9
2023-04-18 17:00:00,142,68.63983353015345,778,7
2023-04-18 19:00:00,208,79.23765296421011,312,5
2023-04-18 22:00:00,234,85.2386086088339,74,2
2023-04-19 07:00:00,161,75.3500883693305,747,4
2023-04-19 13:00:00,379,98.72457295196888,864,1
2023-04-19 18:00:00,147,71.97684179052197,818,3
2023-04-19 22:00:00,292,83.54999877679136,332,9
2023-04-20 10:00:00,157,79.59675519476119,644,3
2023-04-20 11:00:00,388,91.91341823142493,206,9
2023-04-20 15:00:00,293,93.67666365249383,843,8
2023-04-21 00:00:00,340,90.73945817523091,948,3
2023-04-21 03:00:00,155,84.4764951253234,972,1
2023-04-21 04:00:00,240,79.96432342415515,232,4
2023-04-21 15:00:00,260,87.97662385384024,730,10
2023-04-21 21:00:00,164,81.23298856256999,611,8
2023-04-22 04:00:00,263,93.90072684977034,163,8
2023-04-22 05:00:00,307,96.02296397521498,338,3
2023-04-22 06:00:00,78,72.71370346431539,751,3
2023-04-22 09:00:00,275,81.53249717673019,520,2
2023-04-22 12:00:00,389,100.0,184,7
2023-04-22 15:00:00,352,90.86441328635783,41,6
2023-04-22 20:00:00,316,84.68371117387377,42,3
2023-04-23 13:00:00,3,61.27257527526193,712,1
2023-04-23 16:00:00,213,73.59809091054069,305,4
2023-04-24 04:00:00,318,84.70358730460616,419,9
2023-04-24 05:00:00,170,70.60320141388814,228,10
2023-04-24 06:00:00,125,76.6440287475817,438,9
2023-04-24 08:00:00,162,78.22833278149268,428,4
2023-04-24 09:00:00,74,63.788572834884626,673,8
2023-04-24 16:00:00,159,72.36885495991652,763,8
2023-04-24 18:00:00,247,89.52403993015925,868,3
2023-04-24 20:00:00,356,89.89280208867528,675,7
2023-04-25 04:00:00,130,75.78787240874536,342,10
2023-04-25 14:00:00,265,79.76507482830195,540,3
2023-04-25 19:00:00,175,78.97397118500193,146,5
2023-04-26 11:00:00,242,86.6849153382861,391,7
2023-04-26 21:00:00,151,74.38938695476628,95,7
2023-04-26 23:00:00,295,88.91249704029953,219,8
2023-04-27 01:00:00,106,78.72649828959986,425,8
2023-04-27 02:00:00,167,70.40017728451372,154,6
2023-04-27 09:00:00,91,63.039294989351056,66,5
2023-04-27 15:00:00,392,93.87086410059774,729,2
2023-04-28 21:00:00,155,83.74164785758471,216,7
2023-04-29 02:00:00,193,83.50080982794438,390,6
2023-04-29 23:00:00,8,65.27332951557689,907,3
2023-04-30 09:00:00,120,65.62312330818176,796,5
2023-04-30 14:00:00,187,72.96549678519169,70,2
2023-04-30 20:00:00,48,69.17073352749438,526,4
2023-04-30 22:00:00,210,78.63561111877286,961,10
2023-05-01 00:00:00,96,78.07302422612908,346,2
2023-05-01 02:00:00,215,75.46668718131285,760,8
2023-05-01 04:00:00,356,89.96539544495369,670,7
2023-05-01 09:00:00,270,91.45469183113747,115,2
2023-05-01 12:00:00,32,70.1069771458478,636,7
2023-05-01 13:00:00,145,65.90117398293135,91,1
2023-05-01 14:00:00,34,63.91927358868214,46,8
2023-05-01 21:00:00,57,64.25277328910177,371,6
2023-05-01 23:00:00,249,88.49363900361439,744,6
2023-05-02 01:00:00,24,72.3873932837576,290,6
2023-05-02 04:00:00,226,77.49706598529495,665,10
2023-05-03 04:00:00,214,88.86786607109624,902,2
2023-05-03 05:00:00,197,88.61783317275994,727,8
2023-05-03 10:00:00,170,83.85565039777444,992,7
2023-05-03 11:00:00,79,76.86743995236266,337,9
2023-05-03 12:00:00,234,79.44242185834095,767,10
2023-05-03 15:00:00,187,85.12513610252364,238,9
2023-05-03 20:00:00,101,66.87813079349047,812,4
2023-05-04 00:00:00,41,62.237936262965704,120,2
2023-05-04 04:00:00,14,71.41403610184204,986,4
2023-05-04 13:00:00,298,93.162624370663,527,10
2023-05-04 19:00:00,367,96.39786957719052,330,7
2023-05-05 02:00:00,295,91.56618451896313,536,10
2023-05-05 03:00:00,324,91.69691948722613,702,1
2023-05-05 19:00:00,146,66.11844234988237,213,8
2023-05-06 00:00:00,154,84.21183921281181,114,3
2023-05-06 21:00:00,55,60.0,490,2
2023-05-07 11:00:00,251,77.75745241931784,568,5
2023-05-07 13:00:00,379,91.23540355000989,181,5
2023-05-08 03:00:00,67,66.61393799709833,888,2
2023-05-08 05:00:00,5,61.04385287880083,240,4
2023-05-08 06:00:00,277,92.88583760445313,729,5
2023-05-08 10:00:00,103,71.42416102465589,591,6
2023-05-08 12:00:00,61,62.14454479057861,914,4
2023-05-08 16:00:00,160,82.74027317045307,57,6
2023-05-09 02:00:00,294,94.740328747262,539,8
2023-05-09 04:00:00,93,77.34820163208111,437,10
2023-05-09 11:00:00,263,86.1432198472841,64,10
2023-05-09 19:00:00,261,93.7950131814177,283,2
2023-05-09 23:00:00,215,84.40651289969686,299,8
2023-05-10 02:00:00,395,93.34464050957024,10,10
2023-05-10 12:00:00,34,66.95364862568314,496,4
2023-05-10 19:00:00,57,71.79884999331838,336,1
2023-05-10 21:00:00,297,90.46696538926147,283,6
2023-05-10 22:00:00,343,99.38399381018827,708,8
2023-05-10 23:00:00,337,86.25657504990127,165,7
2023-05-11 00:00:00,163,77.71379083030867,613,9
2023-05-11 01:00:00,73,74.36896680407165,396,4
2023-05-11 03:00:00,206,77.13512063028432,438,3
2023-05-11 06:00:00,104,76.72105776791238,115,4
2023-05-11 08:00:00,18,62.19291555909889,88,2
2023-05-11 16:00:00,21,60.0,782,3
2023-05-12 01:00:00,17,62.522621494594794,154,3
2023-05-12 05:00:00,91,65.40187477639358,257,2
2023-05-12 11:00:00,289,93.23838004558742,618,8
2023-05-12 14:00:00,300,86.40613882218442,39,3
2023-05-12 19:00:00,49,62.04505618318027,213,8
2023-05-12 21:00:00,179,77.70237886866494,554,6
2023-05-13 01:00:00,391,90.2916793922973,239,5
2023-05-13 02:00:00,201,77.56816077157151,408,4
2023-05-13 03:00:00,336,93.56925178993372,660,3
2023-05-13 18:00:00,154,77.77566397354508,563,1
2023-05-14 06:00:00,55,66.06036426393595,65,8
2023-05-14 08:00:00,83,60.0,937,2
2023-05-14 13:00:00,207,77.7769983820784,468,10
2023-05-14 16:00:00,281,84.27152592131361,420,5
2023-05-14 23:00:00,14,67.11898361448301,806,6
2023-05-15 05:00:00,26,61.51830457042564,753,2
2023-05-15 06:00:00,9,65.1531331003937,497,2
2023-05-15 12:00:00,48,69.00241351738336,580,4
2023-05-15 16:00:00,271,92.9166405389117,966,8
2023-05-15 17:00:00,78,68.97302350034978,151,3
2023-05-15 20:00:00,53,65.20518610424789,735,5
2023-05-15 21:00:00,111,65.33292380550473,970,7
2023-05-16 05:00:00,20,68.45399390045978,149,5
2023-05-16 08:00:00,256,78.76136969763796,398,4
2023-05-16 14:00:00,30,60.0,182,10
2023-05-17 06:00:00,354,98.64556381502102,533,7
2023-05-17 11:00:00,177,74.20131419820756,352,8
2023-05-17 15:00:00,351,100.0,550,10
2023-05-17 17:00:00,350,97.19022075844386,63,5
2023-05-18 11:00:00,94,65.06587467827255,15,9
2023-05-18 15:00:00,386,100.0,271,7
2023-05-18 16:00:00,1,67.33984775234421,293,6
2023-05-19 03:00:00,113,75.88837812290842,280,7
2023-05-19 04:00:00,112,74.69597715965159,265,10
2023-05-19 22:00:00,137,65.09525248882093,699,5
2023-05-20 01:00:00,372,100.0,597,6
2023-05-20 04:00:00,46,68.96075661767621,492,8
2023-05-20 08:00:00,274,92.39225339791217,137,2
2023-05-20 10:00:00,122,70.88281949057821,53,3
2023-05-20 11:00:00,285,80.22430846334434,169,8
2023-05-20 18:00:00,97,74.5603450206575,89,10
2023-05-21 00:00:00,200,81.74192362404612,320,7
2023-05-21 01:00:00,235,83.64356020723467,290,5
2023-05-21 06:00:00,386,99.47694281948024,532,1
2023-05-21 11:00:00,268,78.84942521724454,396,9
2023-05-22 17:00:00,133,82.56363542884918,584,3
2023-05-22 19:00:00,261,79.56111821368079,553,2
2023-05-22 20:00:00,396,100.0,260,6
2023-05-22 22:00:00,191,85.03611100797814,977,4
2023-05-23 01:00:00,217,75.11497378474621,911,1
2023-05-23 02:00:00,130,73.19487112213594,893,6
2023-05-23 04:00:00,267,87.51729569074584,363,1
2023-05-23 09:00:00,112,77.1332812008832,637,7
2023-05-23 12:00:00,340,94.07345747584543,901,9
2023-05-24 02:00:00,176,70.99604008077229,893,9
2023-05-24 10:00:00,384,93.32235089163561,638,10
2023-05-24 20:00:00,290,89.12548884089844,441,1
2023-05-25 05:00:00,113,67.30256455049349,465,8
2023-05-25 06:00:00,106,69.15078935932117,261,3
2023-05-25 12:00:00,389,95.2102341553131,894,7
2023-05-25 13:00:00,285,87.13297314320003,869,6
2023-05-25 16:00:00,14,62.90195606796174,839,8
2023-05-25 19:00:00,16,60.0,677,1
2023-05-25 21:00:00,387,97.41508102798163,205,3
2023-05-26 06:00:00,142,78.47028293310947,754,5
2023-05-26 08:00:00,291,81.44695909316879,856,7
2023-05-26 12:00:00,215,79.7835558304846,615,4
2023-05-26 13:00:00,378,100.0,677,4
2023-05-26 21:00:00,355,94.036374617519,484,9
2023-05-27 04:00:00,360,98.49723956140656,429,1
2023-05-27 07:00:00,48,64.34159237958694,986,5
2023-05-27 18:00:00,354,100.0,942,3
2023-05-28 01:00:00,18,68.54204372578647,563,9
2023-05-28 02:00:00,111,76.2723901163577,191,4
2023-05-28 05:00:00,282,81.9216795780623,703,9
2023-05-28 07:00:00,105,79.39376772732787,163,3
2023-05-28 08:00:00,80,63.39432457802652,61,6
2023-05-28 11:00:00,39,70.66436620515495,462,6
2023-05-28 12:00:00,52,72.15811001041297,13,3
2023-05-28 15:00:00,92,67.90085863889372,226,7
2023-05-29 04:00:00,229,84.75705148966085,427,7
2023-05-29 06:00:00,28,66.11263001804981,477,5
2023-05-29 07:00:00,220,73.39244759088521,383,9
2023-05-29 20:00:00,326,96.43195049693324,720,3
2023-05-30 01:00:00,186,78.45180593188024,795,10
2023-05-30 12:00:00,352,97.17903629818234,299,5
2023-05-30 15:00:00,145,76.98650383637445,554,9
2023-05-30 16:00:00,17,64.3156642106181,839,9
2023-05-30 21:00:00,352,99.24655536917751,92,10
2023-05-31 01:00:00,145,68.334423440333,384,9
2023-05-31 08:00:00,63,73.14266422645332,687,1
2023-05-31 22:00:00,152,77.6852638696612,87,9
2023-06-01 08:00:00,241,77.40426040826237,763,10
2023-06-01 15:00:00,114,72.35479922357986,313,6
2023-06-01 16:00:00,312,82.67840989576149,148,3
2023-06-01 19:00:00,392,95.714294056063,145,9
2023-06-02 13:00:00,241,87.68882087353693,128,4
2023-06-02 18:00:00,96,66.56522581941113,280,3
2023-06-02 19:00:00,8,64.43115024678269,428,2
2023-06-02 22:00:00,311,95.06379887269473,805,9
2023-06-03 01:00:00,171,75.41216023542292,499,6
2023-06-03 02:00:00,374,100.0,605,5
2023-06-03 09:00:00,125,75.83381254318161,20,6
2023-06-03 10:00:00,267,87.53353240849245,568,8
2023-06-03 13:00:00,87,75.35963210263637,978,3
2023-06-03 19:00:00,126,72.2650873989059,458,4
2023-06-03 22:00:00,341,94.95105874219534,84,10
2023-06-04 07:00:00,310,85.51878517733574,393,6
2023-06-05 13:00:00,260,91.27618894760052,624,10
2023-06-05 14:00:00,333,98.84818542550694,895,4
2023-06-05 21:00:00,111,71.01955473337628,737,5
2023-06-05 22:00:00,18,63.48296871817025,466,9
2023-06-05 23:00:00,90,69.76324679958854,100,1
2023-06-06 00:00:00,386,91.10714659396506,163,8
2023-06-06 01:00:00,345,87.18000532795932,144,1
2023-06-06 04:00:00,22,68.14200669105415,581,2
2023-06-06 10:00:00,142,78.3038812298704,870,3
2023-06-06 11:00:00,161,68.48470379401829,134,4
2023-06-06 23:00:00,260,82.46902539824282,451,9
2023-06-07 14:00:00,80,75.40647638425492,418,9
2023-06-07 19:00:00,377,100.0,407,3
2023-06-08 02:00:00,63,65.39335875532979,601,1
2023-06-08 11:00:00,389,100.0,182,5
2023-06-08 18:00:00,326,83.95588558462622,451,3
2023-06-09 04:00:00,217,86.77355302830216,979,4
2023-06-09 05:00:00,29,62.039448879580775,73,7
2023-06-09 07:00:00,117,73.45766967212884,796,4
2023-06-09 16:00:00,315,92.03014083343204,614,9
2023-06-09 17:00:00,49,66.11255323739027,585,6
2023-06-09 19:00:00,309,95.0364870491294,868,10
2023-06-10 09:00:00,325,84.95547558502375,575,2
2023-06-10 11:00:00,395,100.0,803,1
2023-06-10 12:00:00,60,73.40779407122002,592,9
2023-06-10 16:00:00,140,67.557143636394,282,5
2023-06-11 14:00:00,112,63.0409988347086,163,6
2023-06-11 16:00:00,334,92.93046155863435,963,3
2023-06-11 17:00:00,52,68.24677480805256,883,2
2023-06-11 20:00:00,302,86.62799595200386,83,3
2023-06-11 22:00:00,169,68.0212693027486,538,2
2023-06-12 00:00:00,204,86.20215554237939,284,3
2023-06-12 07:00:00,195,72.13500439639064,175,9
2023-06-12 11:00:00,366,94.55775448901746,899,3
2023-06-12 13:00:00,112,72.53346460050574,189,1
2023-06-12 14:00:00,86,67.02456342627109,396,9
2023-06-12 15:00:00,75,69.93548727948516,784,6
2023-06-12 16:00:00,239,89.56962622507326,161,3
2023-06-12 19:00:00,132,70.21862925675545,486,9
2023-06-13 04:00:00,358,87.65653040517611,658,5
2023-06-13 07:00:00,190,82.37438847827052,553,1
2023-06-13 21:00:00,376,93.93012301133776,264,5
2023-06-13 22:00:00,342,96.72393917271026,791,3
2023-06-14 00:00:00,3,60.0,628,7
2023-06-14 06:00:00,183,87.56417306481899,222,9
2023-06-14 11:00:00,235,93.70021684221982,177,10
2023-06-14 13:00:00,130,75.7662821675136,184,8
2023-06-14 20:00:00,247,79.61121281202108,329,10
2023-06-15 01:00:00,127,76.80414353629521,560,4
2023-06-15 08:00:00,103,71.27354342940934,422,3
2023-06-15 09:00:00,314,82.16289249222987,139,5
2023-06-15 12:00:00,5,60.0,296,9
2023-06-15 18:00:00,361,100.0,921,3
2023-06-15 20:00:00,213,90.19097301467446,420,10
2023-06-16 04:00:00,83,70.08950531627923,107,2
2023-06-16 05:00:00,378,100.0,332,6
2023-06-16 06:00:00,374,100.0,656,2
2023-06-16 10:00:00,247,86.31634804427816,167,9
2023-06-16 21:00:00,224,89.75295778227539,637,1
2023-06-17 01:00:00,34,69.6028798690731,925,1
2023-06-17 03:00:00,116,77.63591611930065,422,10
2023-06-17 05:00:00,324,87.878195331368,861,8
2023-06-17 06:00:00,87,64.8425746008039,411,10
2023-06-17 10:00:00,174,82.86217155719972,122,2
2023-06-17 14:00:00,91,70.61730786405634,515,6
2023-06-17 18:00:00,194,87.3707216376563,10,7
2023-06-17 19:00:00,327,84.88247303538583,36,2
2023-06-17 20:00:00,370,100.0,752,9
2023-06-18 00:00:00,194,80.23336676732102,635,5
2023-06-18 05:00:00,126,76.19559316721963,230,8
2023-06-18 06:00:00,17,70.70619663900179,459,1
2023-06-18 07:00:00,4,67.71740095193925,374,6
2023-06-18 12:00:00,72,73.25409242735883,838,2
2023-06-18 19:00:00,268,85.07115530846232,989,6
2023-06-18 21:00:00,335,87.6054273770475,731,1
2023-06-19 01:00:00,111,66.06301904746822,244,7
2023-06-19 06:00:00,189,71.4355436282628,559,8
2023-06-19 08:00:00,342,88.63952617013324,934,5
2023-06-19 21:00:00,91,73.14279948977838,169,8
2023-06-19 23:00:00,1,69.7609141048768,258,6
2023-06-20 08:00:00,197,76.48621518690405,101,10
2023-06-20 10:00:00,323,85.88124070695082,680,8
2023-06-20 12:00:00,252,80.26221112066611,888,6
2023-06-20 15:00:00,359,88.61199652319662,393,8
2023-06-20 16:00:00,234,80.85379995603668,323,4
2023-06-21 02:00:00,75,68.49767045218536,598,1
2023-06-21 10:00:00,284,86.02353871805352,783,2
2023-06-21 17:00:00,185,71.89299130800937,559,10
2023-06-22 04:00:00,201,80.54986398145904,826,6
2023-06-22 07:00:00,299,84.3600317176818,444,7
2023-06-22 08:00:00,361,96.47737891537365,987,8
2023-06-23 04:00:00,126,63.78611274598064,476,2
2023-06-23 13:00:00,107,74.22812954647918,502,4
2023-06-23 20:00:00,71,77.10722577088575,483,3
2023-06-23 21:00:00,243,76.0753562612863,898,4
2023-06-24 00:00:00,139,65.74848384056774,577,1
2023-06-24 04:00:00,137,66.27396764394786,958,7
2023-06-24 05:00:00,371,89.86212064322534,608,2
2023-06-24 07:00:00,29,63.88937527239835,965,1
2023-06-24 09:00:00,250,86.90866521113811,980,8
2023-06-24 19:00:00,348,95.92297337873525,550,3
2023-06-24 20:00:00,255,93.26982344220741,101,8
2023-06-24 21:00:00,152,80.51376073358921,150,3
2023-06-25 01:00:00,172,73.53209699342442,420,3
2023-06-25 14:00:00,168,67.53279335169373,299,9
2023-06-25 22:00:00,296,90.79530863849321,180,7
2023-06-26 11:00:00,127,65.33620432850391,209,8
2023-06-26 15:00:00,295,90.30174145845957,866,10
2023-06-26 17:00:00,119,80.77853057923578,979,3
2023-06-26 20:00:00,18,60.0,692,8
2023-06-26 21:00:00,78,64.44560208023219,477,4
2023-06-26 22:00:00,228,78.20026432342704,170,6
2023-06-27 19:00:00,145,71.22271706368011,36,3
2023-06-27 21:00:00,102,65.1300949576623,435,1
2023-06-28 01:00:00,148,70.3527307166033,176,5
2023-06-28 05:00:00,205,89.7415621527469,443,7
2023-06-28 13:00:00,92,67.53006285089819,983,4
2023-06-28 23:00:00,13,69.32085214456332,82,3
2023-06-29 05:00:00,106,69.28740853840819,638,5
2023-06-29 07:00:00,72,61.256502204672536,994,9
2023-06-29 08:00:00,15,60.0,879,10
2023-06-29 10:00:00,56,62.36753152428354,848,3
2023-06-29 12:00:00,112,72.61522607465231,22,6
2023-06-29 18:00:00,78,63.1258224357764,27,5
2023-06-29 20:00:00,326,100.0,478,2
2023-06-30 23:00:00,135,74.10424419286518,992,4
2023-07-01 00:00:00,332,96.75441357270721,649,1
2023-07-01 01:00:00,233,76.41438620160504,55,10
2023-07-01 02:00:00,300,94.1607558690033,225,3
2023-07-01 20:00:00,218,90.80450539325969,518,4
2023-07-02 14:00:00,71,74.79727481171494,49,9
2023-07-02 16:00:00,200,89.62836614265134,601,7
2023-07-02 18:00:00,200,73.39393795446955,339,1
2023-07-03 00:00:00,332,87.4697069297834,611,9
2023-07-03 08:00:00,238,86.2873588693291,395,7
2023-07-03 09:00:00,345,92.2043949153244,327,2
2023-07-03 17:00:00,281,86.2989239614838,823,6
2023-07-04 03:00:00,39,60.0,556,10
2023-07-04 06:00:00,344,93.2876917641967,343,6
2023-07-04 08:00:00,259,88.83552474756809,808,3
2023-07-04 12:00:00,114,76.8677600518524,453,1
2023-07-04 15:00:00,161,67.11359270691017,354,4
2023-07-05 01:00:00,31,63.91631747680854,653,7
2023-07-05 07:00:00,107,64.4918598645679,654,8
2023-07-05 10:00:00,150,80.4805177258232,76,7
2023-07-05 11:00:00,84,75.47637004667976,23,10
2023-07-05 21:00:00,232,78.37630335544466,676,8
2023-07-06 03:00:00,164,67.98966192381042,894,1
2023-07-06 05:00:00,219,91.91914326850775,490,4
2023-07-06 15:00:00,371,91.57883453672733,878,1
2023-07-06 22:00:00,72,66.48673826427711,914,2
2023-07-06 23:00:00,312,95.66998252756198,878,4
2023-07-07 03:00:00,154,84.68592696071052,311,7
2023-07-07 05:00:00,165,80.21339462865159,556,10
2023-07-07 14:00:00,305,87.92719522560782,615,10
2023-07-07 15:00:00,308,84.84927234890321,99,1
2023-07-07 16:00:00,110,78.21305966672233,97,6
2023-07-07 17:00:00,125,79.02252374649956,560,10
2023-07-07 20:00:00,333,98.34918419632665,705,10
2023-07-07 21:00:00,148,75.40605092276562,91,4
2023-07-08 01:00:00,321,88.30387971939223,936,3
2023-07-08 02:00:00,101,77.85733260731685,716,3
2023-07-08 10:00:00,220,78.68635921124735,849,3
2023-07-08 18:00:00,57,69.91621591062949,699,1
2023-07-09 01:00:00,347,99.09107059651178,553,10
2023-07-09 21:00:00,82,73.73775858908309,885,1
2023-07-10 05:00:00,246,83.93938760405013,248,6
2023-07-10 07:00:00,23,66.02233429805327,800,3
2023-07-10 08:00:00,35,64.51101107588767,860,7
2023-07-10 09:00:00,312,95.90418375506968,638,7
2023-07-10 11:00:00,304,82.49075626170574,622,9
2023-07-10 13:00:00,158,82.502609652224,38,2
2023-07-10 17:00:00,385,95.70068367923535,836,10
2023-07-10 21:00:00,388,94.54167720409063,552,8
2023-07-11 01:00:00,277,94.82960579928029,586,3
2023-07-11 06:00:00,380,96.07591128476773,51,4
2023-07-11 14:00:00,81,70.52631188482904,120,1
2023-07-11 16:00:00,129,82.45516276253544,651,1
2023-07-12 01:00:00,52,67.1416915584762,749,7
2023-07-12 04:00:00,266,79.31730785997257,936,5
2023-07-12 13:00:00,344,99.42692251467588,690,5
2023-07-12 14:00:00,114,67.10878634741083,987,5
2023-07-13 05:00:00,53,74.06477507925558,501,9
2023-07-13 07:00:00,4,60.598548243071036,533,3
2023-07-13 14:00:00,179,84.67891755004405,462,6
2023-07-13 21:00:00,342,91.29708893490194,743,9
2023-07-13 22:00:00,51,74.4132675383178,988,7
2023-07-14 09:00:00,219,85.04256489478428,169,7
2023-07-14 15:00:00,31,66.46175285484539,625,8
2023-07-14 22:00:00,163,82.52053723254974,847,5
2023-07-14 23:00:00,344,93.87605186996927,15,1
2023-07-15 00:00:00,163,80.65319878492747,744,3
2023-07-15 02:00:00,29,68.16398645855075,310,7
2023-07-15 04:00:00,52,69.1574994432446,901,5
2023-07-15 22:00:00,360,95.44287897658815,377,8
2023-07-16 03:00:00,206,75.05141695066153,311,10
2023-07-16 10:00:00,169,82.44860042197772,434,10
2023-07-16 17:00:00,364,89.41393788113338,941,7
2023-07-16 23:00:00,123,67.85194732424691,79,10
2023-07-17 02:00:00,107,62.2345992155794,465,3
2023-07-17 08:00:00,180,71.5846690977212,962,6
2023-07-17 19:00:00,330,89.31998793533069,791,7
2023-07-17 22:00:00,61,71.87151447891202,277,8
2023-07-17 23:00:00,194,70.72676650185588,495,9
2023-07-18 03:00:00,23,68.58355441343406,186,2
2023-07-18 09:00:00,109,79.23108710005263,510,9
2023-07-18 21:00:00,23,65.8035630970717,730,10
2023-07-18 22:00:00,207,77.25051044583095,188,9
2023-07-19 01:00:00,384,100.0,307,2
2023-07-19 03:00:00,196,87.0274795300692,454,7
2023-07-19 04:00:00,180,73.48152104319419,519,8
2023-07-19 06:00:00,164,67.6102672756685,336,1
2023-07-19 18:00:00,200,81.72837196562242,226,10
2023-07-20 02:00:00,151,71.73520009423451,29,10
2023-07-20 05:00:00,316,94.0825063291635,20,7
2023-07-20 08:00:00,236,73.84218256960744,542,9
2023-07-20 11:00:00,394,95.67552871083149,326,9
2023-07-20 14:00:00,28,72.77729955515187,427,3
2023-07-21 02:00:00,135,71.0347607812681,526,3
2023-07-21 07:00:00,218,87.06022399645785,434,2
2023-07-21 08:00:00,21,65.24963534231935,227,10
2023-07-21 09:00:00,43,70.4419487958337,744,3
2023-07-21 11:00:00,259,79.7172500825497,193,8
2023-07-21 20:00:00,54,69.13969894390442,283,1
2023-07-21 23:00:00,375,92.65976259671977,461,9
2023-07-22 01:00:00,378,88.7751473216986,975,3
2023-07-22 03:00:00,232,89.5304589032022,954,2
2023-07-22 10:00:00,320,90.63583101723812,220,9
2023-07-22 23:00:00,316,95.72367878812587,543,8
2023-07-23 02:00:00,258,77.60888061595038,691,10
2023-07-23 07:00:00,305,81.85600282001435,750,10
2023-07-23 14:00:00,95,75.88300017110262,29,3
2023-07-23 18:00:00,328,99.23033839226176,71,4
2023-07-23 20:00:00,93,72.44244112406642,197,2
2023-07-23 23:00:00,217,79.41012820212504,831,8
2023-07-24 05:00:00,147,69.79578909189756,206,4
2023-07-24 06:00:00,53,60.0,686,3
2023-07-24 09:00:00,58,65.19133664347153,797,7
2023-07-24 10:00:00,220,86.06357792833045,216,2
2023-07-24 11:00:00,394,100.0,546,8
2023-07-24 16:00:00,311,88.3006901766828,990,4
2023-07-24 18:00:00,273,87.87297096188429,158,5
2023-07-24 20:00:00,38,71.34481429731665,109,3
2023-07-24 23:00:00,180,72.80662815340722,15,1
2023-07-25 07:00:00,356,92.42623359339191,670,1
2023-07-25 08:00:00,200,81.2499260571011,625,6
2023-07-25 11:00:00,87,67.20369227972952,587,7
2023-07-26 05:00:00,62,67.25411418336422,60,7
2023-07-26 07:00:00,156,70.83639612079706,783,7
2023-07-26 09:00:00,326,96.49169970287893,984,9
2023-07-26 14:00:00,217,82.55731461299835,756,10
2023-07-26 17:00:00,379,90.96057600490987,341,10
2023-07-26 19:00:00,186,78.04403760783771,963,4
2023-07-26 22:00:00,267,81.11897594550264,148,1
2023-07-26 23:00:00,75,65.575588823023,171,9
2023-07-27 02:00:00,103,68.53180315213689,197,7
2023-07-27 03:00:00,167,72.83221506977151,277,2
2023-07-27 07:00:00,340,87.13561431805867,193,7
2023-07-27 12:00:00,361,93.8179638400998,346,2
2023-07-27 14:00:00,120,68.46049144813368,59,1
2023-07-27 15:00:00,213,89.46307684767527,292,2
2023-07-27 18:00:00,123,71.77058685474597,898,8
2023-07-27 22:00:00,380,97.71324999225287,240,6
2023-07-28 05:00:00,309,92.21550497605682,583,4
2023-07-28 15:00:00,20,65.97760704322636,110,9
2023-07-28 22:00:00,119,81.58786514216834,85,10
2023-07-29 17:00:00,284,90.55381055034576,372,3
2023-07-30 07:00:00,163,73.68919939314954,344,8
2023-07-30 10:00:00,235,92.62460175071014,982,4
2023-07-30 12:00:00,59,60.0,744,1
2023-07-30 18:00:00,60,69.21362360983665,893,9
2023-07-30 20:00:00,386,99.12920764217176,889,3
2023-07-31 01:00:00,137,70.6481407549238,745,7
2023-07-31 11:00:00,210,80.26595068714181,820,5
2023-07-31 13:00:00,377,91.59811228505008,144,10
2023-07-31 14:00:00,278,85.13914938910911,977,2
2023-07-31 15:00:00,263,81.12367548361628,840,1
2023-07-31 17:00:00,180,72.23838707687682,439,3
2023-07-31 19:00:00,36,67.09634675488093,637,1
2023-07-31 22:00:00,53,64.04159006936287,221,7
2023-08-01 00:00:00,48,62.04092455232488,12,10
2023-08-01 04:00:00,104,62.52650775195659,584,5
2023-08-01 10:00:00,48,64.4899214851726,111,7
2023-08-01 22:00:00,390,96.8000612220122,981,7
2023-08-02 04:00:00,41,62.21339281005858,261,9
2023-08-02 07:00:00,126,79.53456021025916,843,3
2023-08-02 19:00:00,46,65.96048376344655,417,7
2023-08-03 03:00:00,285,81.67578300517687,493,3
2023-08-03 20:00:00,378,100.0,111,6
2023-08-04 01:00:00,50,61.38792802431241,484,6
2023-08-04 02:00:00,376,100.0,917,7
2023-08-04 08:00:00,174,84.82261001577628,564,4
2023-08-04 10:00:00,221,77.93450395170188,306,1
2023-08-04 11:00:00,116,74.23582716587819,440,7
2023-08-04 12:00:00,383,97.58392314976659,213,4
2023-08-04 13:00:00,178,79.33576355982925,3,2
2023-08-04 21:00:00,393,100.0,142,3
2023-08-04 23:00:00,197,87.98667870302513,584,6
2023-08-05 04:00:00,134,66.85979997009927,831,9
2023-08-05 05:00:00,263,92.19299806512481,39,7
2023-08-05 06:00:00,341,97.00069010838352,763,6
2023-08-05 07:00:00,251,75.95677953144462,985,1
2023-08-05 21:00:00,33,60.0,750,3
2023-08-06 02:00:00,352,90.17000530596574,230,1
2023-08-06 05:00:00,64,72.44967972842748,170,6
2023-08-06 08:00:00,1,61.03996549223467,654,9
2023-08-06 17:00:00,98,75.06582617879094,135,1
2023-08-06 18:00:00,313,92.20547319852608,951,3
2023-08-06 20:00:00,390,99.42658970019384,42,3
2023-08-06 21:00:00,208,75.79951753319736,242,10
2023-08-06 23:00:00,48,65.58943537585549,141,3
2023-08-07 06:00:00,115,66.25044518953835,299,10
2023-08-07 12:00:00,22,71.35371978521106,622,4
2023-08-07 13:00:00,209,77.25845427884227,444,3
2023-08-07 17:00:00,274,81.53055190983808,407,6
2023-08-07 22:00:00,264,80.54453515168288,869,5
2023-08-07 23:00:00,347,97.18376602212379,283,10
2023-08-08 02:00:00,201,84.24011990349318,617,3
2023-08-08 03:00:00,350,96.97209667127534,785,9
2023-08-08 12:00:00,378,100.0,351,6
2023-08-08 19:00:00,194,72.825589571879,863,9
2023-08-08 20:00:00,157,81.1179405198815,962,5
2023-08-09 02:00:00,104,73.44757428594997,782,5
2023-08-09 12:00:00,140,79.44733623632385,200,4
2023-08-09 16:00:00,206,89.8582006789178,913,8
2023-08-09 17:00:00,296,89.6097585382939,9,8
2023-08-09 19:00:00,333,100.0,768,8
2023-08-09 20:00:00,304,83.97965311414981,624,10
2023-08-09 22:00:00,249,80.91404083355506,108,5
2023-08-09 23:00:00,298,94.81605745094416,823,1
2023-08-10 06:00:00,21,67.25628954836816,257,3
2023-08-10 08:00:00,204,72.59108407076928,225,1
2023-08-10 09:00:00,122,65.70830145917839,119,10
2023-08-10 12:00:00,46,62.76376530850631,753,8
2023-08-10 16:00:00,128,68.37141014962769,458,4
2023-08-11 03:00:00,224,72.76671901837399,39,4
2023-08-11 09:00:00,186,74.94915578017655,344,7
2023-08-11 16:00:00,157,80.95549551723049,830,3
2023-08-11 21:00:00,305,96.39392500108367,936,4
2023-08-12 04:00:00,36,60.66836720584067,807,9
2023-08-12 06:00:00,262,94.28654343471678,593,6
2023-08-12 10:00:00,329,93.00398224959343,99,5
2023-08-12 12:00:00,235,93.12578742410989,710,10
2023-08-12 19:00:00,233,79.3180311822551,398,10
2023-08-12 20:00:00,164,78.60850490947057,377,6
2023-08-13 10:00:00,181,69.09317462889229,851,5
2023-08-13 14:00:00,38,69.68565938321069,46,1
2023-08-14 01:00:00,326,97.96373449331644,702,10
2023-08-14 03:00:00,87,69.41513061867776,762,4
2023-08-14 13:00:00,282,79.98520162976709,412,7
2023-08-14 20:00:00,4,60.0,80,9
2023-08-14 21:00:00,177,81.1312270988698,99,6
2023-08-15 03:00:00,273,87.25766349540118,567,5
2023-08-15 04:00:00,311,99.25804846352042,899,1
2023-08-15 05:00:00,64,73.46069804825413,159,4
2023-08-15 11:00:00,77,60.40640380915159,926,1
2023-08-15 21:00:00,216,85.85046624317663,802,2
2023-08-16 01:00:00,382,96.67050843738201,412,9
2023-08-16 04:00:00,165,74.52320762865135,889,2
2023-08-16 09:00:00,97,66.639763486102,796,5
2023-08-16 13:00:00,164,70.47994886238963,951,6
2023-08-16 14:00:00,91,69.19795787334321,346,6
2023-08-16 20:00:00,363,93.40865195861552,534,5
2023-08-16 21:00:00,277,93.41976077423719,707,10
2023-08-16 22:00:00,287,91.55982078247226,378,9
2023-08-17 01:00:00,374,97.2642929130283,148,1
2023-08-17 11:00:00,238,88.62659982041674,666,3
2023-08-17 14:00:00,147,84.78160270801291,974,3
2023-08-17 17:00:00,238,76.45236382930996,248,7
2023-08-17 22:00:00,230,78.40250903662012,551,6
2023-08-18 03:00:00,183,72.4293686047204,719,5
2023-08-18 06:00:00,85,60.0,227,6
2023-08-18 09:00:00,374,100.0,85,8
2023-08-18 11:00:00,301,93.72937095688985,715,2
2023-08-18 14:00:00,385,100.0,566,1
2023-08-18 22:00:00,69,67.63363929811892,652,7
2023-08-19 05:00:00,182,68.60681205775202,342,10
2023-08-19 07:00:00,369,95.1493315760508,642,9
2023-08-19 14:00:00,43,74.17307916684733,227,1
2023-08-19 17:00:00,31,63.428343630054115,693,6
2023-08-19 22:00:00,76,65.35297152863639,955,9
2023-08-19 23:00:00,373,95.24163386793865,50,8
2023-08-20 04:00:00,230,84.1514694353617,789,4
2023-08-20 09:00:00,369,98.66133471362299,233,7
2023-08-20 10:00:00,230,78.13894369704596,774,2
2023-08-20 11:00:00,160,77.42601570889488,736,5
2023-08-21 03:00:00,149,65.36490067505672,245,8
2023-08-21 09:00:00,222,87.13485410983483,243,9
2023-08-21 11:00:00,48,60.08669987773198,651,3
2023-08-21 17:00:00,370,100.0,106,9
2023-08-21 22:00:00,383,93.63248876671747,706,6
2023-08-22 00:00:00,238,92.23798314589516,798,10
2023-08-22 09:00:00,135,70.69256281288892,906,5
2023-08-22 19:00:00,161,80.49847011285937,351,8
2023-08-23 01:00:00,262,94.22583839450618,150,3
2023-08-23 06:00:00,230,90.96274840220494,783,8
2023-08-23 08:00:00,374,90.3904213591369,402,1
2023-08-23 14:00:00,93,64.8480556143879,164,1
2023-08-23 16:00:00,18,66.74623175885507,461,9
2023-08-23 19:00:00,180,79.18264006413287,735,6
2023-08-24 00:00:00,143,68.51862276361929,394,5
2023-08-24 01:00:00,345,85.19610678607043,955,10
2023-08-24 08:00:00,125,65.3730843035988,781,9
2023-08-24 13:00:00,359,95.94333041213953,908,1
2023-08-24 15:00:00,56,60.0,579,5
2023-08-24 20:00:00,294,93.00482320287858,824,4
2023-08-25 04:00:00,121,77.9431393444378,340,6
2023-08-25 08:00:00,105,64.7048776556634,247,5
2023-08-25 10:00:00,359,94.15126593875259,159,10
2023-08-25 19:00:00,182,81.0792363139876,523,5
2023-08-26 00:00:00,73,67.05924700358277,949,4
2023-08-26 05:00:00,55,72.45078234288353,829,9
2023-08-26 14:00:00,239,78.18932694888034,131,5
2023-08-26 15:00:00,112,67.27998175710361,460,5
2023-08-26 17:00:00,46,65.13323961471374,374,5
2023-08-26 19:00:00,91,78.71954320998276,927,10
2023-08-26 23:00:00,280,95.13912426118839,75,5
2023-08-27 00:00:00,42,60.707925848606884,474,7
2023-08-27 08:00:00,334,91.04373499155733,557,6
2023-08-27 16:00:00,77,62.35560976538432,953,10
2023-08-27 17:00:00,262,90.85632781315394,117,5
2023-08-27 23:00:00,0,67.25316052413163,551,10
2023-08-28 03:00:00,223,91.24940589771364,892,8
2023-08-28 18:00:00,343,84.9749551601161,664,7
2023-08-28 23:00:00,270,77.74887810748423,781,5
2023-08-29 09:00:00,171,86.2487463282718,288,2
2023-08-29 13:00:00,35,61.07455423286596,453,4
2023-08-29 14:00:00,39,68.81129413415513,219,8
2023-08-29 17:00:00,54,73.62282174542797,941,4
2023-08-30 02:00:00,379,88.31397855417814,928,6
2023-08-30 05:00:00,147,71.77551732634937,540,3
2023-08-30 11:00:00,58,66.01021931159023,526,3
2023-08-31 09:00:00,325,100.0,750,5
2023-08-31 15:00:00,179,87.46220349656188,597,7
2023-08-31 20:00:00,114,64.5446403004813,976,1
2023-09-01 02:00:00,206,74.67560663726115,997,7
2023-09-01 12:00:00,239,84.94655457601246,185,1
2023-09-01 15:00:00,116,68.5370927492252,194,9
2023-09-01 16:00:00,44,60.0,37,9
2023-09-02 02:00:00,371,90.66706110083035,978,7
2023-09-02 08:00:00,123,71.64709730243163,927,6
2023-09-02 09:00:00,332,100.0,350,8
2023-09-02 16:00:00,353,92.91164030672653,69,7
2023-09-02 23:00:00,71,64.29177883155603,206,7
2023-09-03 00:00:00,110,65.80507434060932,20,4
2023-09-03 01:00:00,220,88.86459717292132,430,4
2023-09-03 02:00:00,330,92.09807370885649,373,6
2023-09-03 04:00:00,314,86.10685399422098,478,4
2023-09-03 06:00:00,186,76.43009843352188,65,9
2023-09-03 13:00:00,147,71.54134790143128,229,6
2023-09-03 20:00:00,93,71.82658772923915,36,2
2023-09-04 00:00:00,166,82.99314181348137,194,8
2023-09-04 03:00:00,293,87.67723087506077,518,3
2023-09-04 05:00:00,362,95.93467369031877,498,8
2023-09-04 07:00:00,93,65.76537773424633,720,5
2023-09-04 11:00:00,303,97.57599076937197,601,7
2023-09-04 12:00:00,232,92.71970387138819,731,5
2023-09-04 18:00:00,388,94.40540970620665,769,2
2023-09-04 23:00:00,212,73.7307910982461,687,3
2023-09-05 16:00:00,301,93.01975303736405,573,4
2023-09-05 18:00:00,80,75.1656511849056,808,8
2023-09-06 03:00:00,37,60.0,246,4
2023-09-06 15:00:00,161,83.13122650745089,607,4
2023-09-06 17:00:00,21,64.84919533267751,442,2
2023-09-06 18:00:00,243,87.1453000580859,826,5
2023-09-06 23:00:00,174,85.64913260248801,377,8
2023-09-07 02:00:00,12,69.252898698069,74,9
2023-09-07 15:00:00,323,85.63227234441638,806,2
2023-09-07 18:00:00,253,76.94003284477411,771,9
2023-09-07 21:00:00,347,91.28454366944527,693,9
2023-09-08 03:00:00,358,92.46091414223989,797,5
2023-09-08 04:00:00,25,62.92835255978774,640,10
2023-09-08 19:00:00,141,69.30057528525964,418,3
2023-09-08 20:00:00,40,60.0,500,3
2023-09-08 21:00:00,39,60.0,689,10
2023-09-08 22:00:00,106,69.48711633570146,409,10
2023-09-09 03:00:00,346,88.3517616521008,498,1
2023-09-09 12:00:00,105,80.4782846338822,335,9
2023-09-09 14:00:00,353,99.95328483472453,273,10
2023-09-09 22:00:00,356,100.0,34,3
2023-09-10 03:00:00,257,93.11295237623266,517,4
2023-09-10 05:00:00,259,94.48644660795077,943,5
2023-09-10 06:00:00,256,77.60549972194133,737,10
2023-09-10 08:00:00,45,60.898367309469194,714,5
2023-09-10 12:00:00,154,75.51117583142027,880,10
2023-09-10 17:00:00,97,65.58560473027079,489,8
2023-09-10 20:00:00,34,65.9765922953809,696,9
2023-09-10 21:00:00,157,66.89019636058458,12,10
2023-09-11 03:00:00,162,77.83659255277578,231,5
2023-09-11 12:00:00,354,100.0,163,6
2023-09-11 20:00:00,184,73.87000445031907,4,5
2023-09-11 23:00:00,200,87.77716993809491,461,9
2023-09-12 06:00:00,39,64.26381212966035,671,7
2023-09-12 09:00:00,268,90.73881690058593,685,1
2023-09-12 11:00:00,147,65.64818309829504,199,1
2023-09-12 15:00:00,117,73.46146461441447,868,10
2023-09-12 21:00:00,262,93.7069225883938,371,9
2023-09-13 02:00:00,2,64.63145997040347,273,3
2023-09-13 07:00:00,381,94.82861675901528,132,10
2023-09-13 13:00:00,100,65.84274574592017,429,1
2023-09-13 15:00:00,43,72.16489746830817,537,6
2023-09-13 16:00:00,70,62.4249523806201,539,2
2023-09-13 19:00:00,13,70.73067583350041,374,9
2023-09-13 20:00:00,279,93.20729722446474,348,9
2023-09-13 21:00:00,255,84.13570630398483,908,2
2023-09-14 11:00:00,314,95.23944225680995,547,9
2023-09-14 12:00:00,109,76.748930070676,172,8
2023-09-14 14:00:00,163,73.69186832991862,887,10
2023-09-14 21:00:00,253,94.546917481549,801,10
2023-09-15 02:00:00,103,75.92483878949336,575,3
2023-09-15 04:00:00,289,93.33486156427801,469,3
2023-09-15 07:00:00,70,75.409412851447,995,1
2023-09-15 08:00:00,236,80.12591380851478,145,10
2023-09-15 09:00:00,375,92.06111295715675,556,4
2023-09-15 14:00:00,104,71.53358611268962,650,6
2023-09-15 17:00:00,227,82.0785612878411,622,2
2023-09-15 18:00:00,227,86.28195384159373,659,7
2023-09-15 20:00:00,123,69.2148823364801,188,9
2023-09-16 00:00:00,246,75.90257806744265,331,2
2023-09-16 01:00:00,62,66.55222505376938,627,10
2023-09-16 04:00:00,91,73.05324238067922,418,8
2023-09-16 08:00:00,218,82.50539544789058,290,8
2023-09-17 12:00:00,174,82.01002416532631,751,10
2023-09-17 18:00:00,390,93.76421484557486,541,8
2023-09-17 20:00:00,333,93.28463498686241,743,7
2023-09-17 22:00:00,138,75.84881043203137,335,9
2023-09-18 15:00:00,33,60.27201738693551,185,10
2023-09-18 16:00:00,115,66.56873244718616,200,6
2023-09-18 18:00:00,228,75.94229253730093,44,4
2023-09-18 21:00:00,289,92.61108497925974,870,1
2023-09-18 22:00:00,228,90.91396457855585,699,8
2023-09-19 00:00:00,192,79.94459756449993,414,6
2023-09-19 03:00:00,251,85.49891933573191,848,1
2023-09-19 06:00:00,76,68.26985300454847,913,8
2023-09-19 13:00:00,284,88.00885204603789,595,10
2023-09-19 16:00:00,72,72.05113500360919,443,7
2023-09-19 22:00:00,279,94.73149788857607,713,9
2023-09-20 06:00:00,378,91.11082759397736,547,8
2023-09-20 07:00:00,222,75.1829101290355,518,4
2023-09-20 12:00:00,288,92.9571647255651,198,5
2023-09-21 03:00:00,278,81.69928126691552,548,1
2023-09-21 10:00:00,225,91.67171802061472,157,8
2023-09-21 19:00:00,311,88.07852983676298,818,6
2023-09-22 02:00:00,108,73.94654392654935,939,7
2023-09-22 05:00:00,16,70.80904267974859,943,3
2023-09-22 08:00:00,20,68.8893480465,441,9
2023-09-22 12:00:00,293,87.8327772559195,701,9
2023-09-22 13:00:00,147,67.13286932021026,116,1
2023-09-22 20:00:00,80,75.49324016625674,739,7
2023-09-23 15:00:00,385,95.29958089592182,776,3
2023-09-23 19:00:00,322,87.95341256718116,876,9
2023-09-24 12:00:00,298,89.56618101885937,43,2
2023-09-24 23:00:00,49,70.42227321813759,746,3
2023-09-25 00:00:00,57,63.648620023199385,945,3
2023-09-25 01:00:00,179,79.50757632695884,674,6
2023-09-25 02:00:00,280,88.17787714948787,792,2
2023-09-25 06:00:00,384,92.94107050843431,943,10
2023-09-25 14:00:00,358,91.64560329169089,830,7
2023-09-25 22:00:00,38,60.0,81,9
2023-09-26 02:00:00,131,82.54740241168571,743,3
2023-09-26 03:00:00,394,97.94706349951039,913,2
2023-09-26 05:00:00,102,62.07984879515193,626,4
2023-09-26 09:00:00,81,76.24048487496893,864,1
2023-09-26 10:00:00,261,94.35308162715475,128,10
2023-09-26 12:00:00,350,86.63425125577552,779,3
2023-09-26 14:00:00,2,60.07866993052396,663,9
2023-09-26 17:00:00,284,91.85229665143882,210,9
2023-09-26 22:00:00,46,61.31387318209668,904,10
2023-09-27 01:00:00,284,83.27687196339527,174,10
2023-09-27 09:00:00,43,66.04557099339779,880,10
2023-09-27 11:00:00,164,79.69960057361406,109,6
2023-09-27 15:00:00,259,79.50097015080581,855,7
2023-09-27 21:00:00,247,75.40462732182968,43,10
2023-09-27 23:00:00,119,76.10552474894953,175,8
2023-09-28 00:00:00,361,100.0,161,2
2023-09-28 05:00:00,165,68.0405340906353,675,1
2023-09-28 06:00:00,135,72.89633817726988,750,1
2023-09-28 14:00:00,259,87.87589493511,110,4
2023-09-28 17:00:00,118,70.60744838117587,364,8
2023-09-28 19:00:00,337,94.04681223634871,26,5
2023-09-28 21:00:00,64,73.34448094354872,537,2
2023-09-29 05:00:00,99,79.2521791106766,172,8
2023-09-29 06:00:00,62,71.63353013493399,700,7
2023-09-29 09:00:00,91,66.712647370698,259,9
2023-09-29 11:00:00,205,75.00345462412524,828,5
2023-09-29 19:00:00,297,94.31218921050002,593,10
2023-09-29 20:00:00,227,78.54324787845275,901,9
2023-09-29 21:00:00,246,88.00198715571243,182,9
2023-09-30 00:00:00,203,82.18324309690055,799,1
